CallArrivalTime,ServiceID,AgentID,AnsweredTime,CallDepartureTime,number_of_agent
2014-02-01 09:00:37,30560,6975.0,2014-02-01 09:00:38,2014-02-01 09:05:52,13
2014-02-01 09:04:18,30175,6985.0,2014-02-01 09:04:19,2014-02-01 09:07:00,13
2014-02-01 09:08:43,30175,7531.0,2014-02-01 09:08:44,2014-02-01 09:09:05,13
2014-02-01 09:08:54,30560,9109.0,2014-02-01 09:08:55,2014-02-01 09:13:31,13
2014-02-01 09:09:08,30175,6985.0,2014-02-01 09:09:09,2014-02-01 09:12:55,13
2014-02-01 09:11:58,30175,7531.0,2014-02-01 09:11:59,2014-02-01 09:17:25,13
2014-02-01 09:12:03,30172,6975.0,2014-02-01 09:12:04,2014-02-01 09:15:25,13
2014-02-01 09:13:42,30172,6985.0,2014-02-01 09:13:43,2014-02-01 09:14:36,13
2014-02-01 09:14:23,30560,6975.0,2014-02-01 09:14:23,2014-02-01 09:17:44,13
2014-02-01 09:17:54,30175,9109.0,2014-02-01 09:17:55,2014-02-01 09:19:25,13
2014-02-01 09:21:58,30560,6985.0,2014-02-01 09:21:59,2014-02-01 09:24:30,13
2014-02-01 09:22:20,30172,7531.0,2014-02-01 09:22:21,2014-02-01 09:25:55,13
2014-02-01 09:28:15,30175,6975.0,2014-02-01 09:28:16,2014-02-01 09:32:02,13
2014-02-01 09:34:10,30560,9109.0,2014-02-01 09:34:10,2014-02-01 09:37:36,13
2014-02-01 09:39:30,30560,6985.0,2014-02-01 09:39:31,2014-02-01 09:40:54,13
2014-02-01 09:43:40,30172,7531.0,2014-02-01 09:43:41,2014-02-01 09:49:59,13
2014-02-01 09:44:15,30175,6975.0,2014-02-01 09:44:16,2014-02-01 09:46:32,13
2014-02-01 09:47:07,30175,9109.0,2014-02-01 09:47:08,2014-02-01 09:48:56,13
2014-02-01 09:47:15,30172,6985.0,2014-02-01 09:47:15,2014-02-01 09:53:28,13
2014-02-01 09:48:50,30560,6975.0,2014-02-01 09:48:51,2014-02-01 09:52:40,13
2014-02-01 09:49:10,30560,9109.0,2014-02-01 09:49:11,2014-02-01 09:53:20,13
2014-02-01 09:50:01,30560,6985.0,2014-02-01 09:50:02,2014-02-01 09:53:31,13
2014-02-01 09:50:52,30175,7531.0,2014-02-01 09:50:53,2014-02-01 09:56:04,13
2014-02-01 09:54:20,30560,6975.0,2014-02-01 09:54:21,2014-02-01 09:57:22,13
2014-02-01 09:57:39,30175,6985.0,2014-02-01 09:57:40,2014-02-01 10:00:59,13
2014-02-01 09:58:01,30172,9109.0,2014-02-01 09:58:02,2014-02-01 09:58:31,13
2014-02-01 09:59:28,30172,7531.0,2014-02-01 09:59:29,2014-02-01 10:00:33,13
2014-02-01 10:01:06,30172,9109.0,2014-02-01 10:01:07,2014-02-01 10:07:18,13
2014-02-01 10:01:17,30172,8077.0,2014-02-01 10:01:18,2014-02-01 10:02:41,13
2014-02-01 10:02:49,30175,6985.0,2014-02-01 10:02:50,2014-02-01 10:06:27,13
2014-02-01 10:03:26,30172,7531.0,2014-02-01 10:03:27,2014-02-01 10:08:55,13
2014-02-01 10:04:14,30172,8077.0,2014-02-01 10:04:15,2014-02-01 10:06:32,13
2014-02-01 10:05:44,30175,6985.0,2014-02-01 10:06:31,2014-02-01 10:07:39,13
2014-02-01 10:05:51,30172,8077.0,2014-02-01 10:06:38,2014-02-01 10:07:29,13
2014-02-01 10:06:02,30175,9109.0,2014-02-01 10:07:24,2014-02-01 10:10:31,13
2014-02-01 10:06:44,30175,8077.0,0000-00-00 00:00:00,2014-02-01 10:07:30,13
2014-02-01 10:06:51,30560,8077.0,2014-02-01 10:07:31,2014-02-01 10:14:44,13
2014-02-01 10:08:24,30172,6985.0,2014-02-01 10:08:25,2014-02-01 10:10:33,13
2014-02-01 10:08:31,30179,7531.0,2014-02-01 10:08:56,2014-02-01 10:13:53,9
2014-02-01 10:08:38,30175,6985.0,2014-02-01 10:10:35,2014-02-01 10:11:17,13
2014-02-01 10:14:50,30175,9109.0,2014-02-01 10:14:51,2014-02-01 10:17:25,13
2014-02-01 10:22:14,30175,8077.0,2014-02-01 10:22:15,2014-02-01 10:26:25,13
2014-02-01 10:24:17,30175,7531.0,2014-02-01 10:24:18,2014-02-01 10:28:10,13
2014-02-01 10:27:23,30560,9109.0,2014-02-01 10:27:23,2014-02-01 10:33:30,13
2014-02-01 10:27:37,30175,6985.0,2014-02-01 10:27:38,2014-02-01 10:28:47,13
2014-02-01 10:31:08,30172,8077.0,2014-02-01 10:31:09,2014-02-01 10:31:51,13
2014-02-01 10:32:07,30560,7531.0,2014-02-01 10:32:08,2014-02-01 10:35:48,13
2014-02-01 10:32:28,30175,6985.0,2014-02-01 10:32:29,2014-02-01 10:34:31,13
2014-02-01 10:33:10,30172,8077.0,2014-02-01 10:33:11,2014-02-01 10:33:46,13
2014-02-01 10:33:14,30175,8077.0,2014-02-01 10:33:51,2014-02-01 10:38:10,13
2014-02-01 10:33:43,30175,6985.0,2014-02-01 10:34:33,2014-02-01 10:35:22,13
2014-02-01 10:33:56,30172,0.0,0000-00-00 00:00:00,2014-02-01 10:35:06,13
2014-02-01 10:35:28,30172,6985.0,2014-02-01 10:35:29,2014-02-01 10:39:07,13
2014-02-01 10:36:15,30172,7531.0,2014-02-01 10:36:16,2014-02-01 10:39:22,13
2014-02-01 10:36:55,30560,8077.0,2014-02-01 10:38:15,2014-02-01 10:41:07,13
2014-02-01 10:42:24,30560,6985.0,2014-02-01 10:42:25,2014-02-01 10:43:29,13
2014-02-01 10:43:40,30172,7531.0,2014-02-01 10:43:41,2014-02-01 10:45:59,13
2014-02-01 10:43:54,30175,8077.0,2014-02-01 10:43:55,2014-02-01 10:46:45,13
2014-02-01 10:46:44,30560,6985.0,2014-02-01 10:46:45,2014-02-01 10:53:52,13
2014-02-01 10:47:04,30172,7531.0,2014-02-01 10:47:05,2014-02-01 10:50:54,13
2014-02-01 10:48:44,30066,8077.0,2014-02-01 10:48:45,2014-02-01 10:50:52,4
2014-02-01 10:49:40,30175,8077.0,0000-00-00 00:00:00,2014-02-01 10:50:55,13
2014-02-01 10:56:09,30066,8077.0,2014-02-01 10:56:10,2014-02-01 11:04:34,4
2014-02-01 10:56:34,30175,9109.0,2014-02-01 10:56:35,2014-02-01 11:04:34,13
2014-02-01 10:57:01,30560,6985.0,2014-02-01 10:57:02,2014-02-01 10:58:08,13
2014-02-01 11:00:44,30560,8077.0,2014-02-01 11:00:45,2014-02-01 11:01:33,13
2014-02-01 11:00:52,30560,6985.0,2014-02-01 11:00:53,2014-02-01 11:05:35,13
2014-02-01 11:00:55,30172,8866.0,2014-02-01 11:00:56,2014-02-01 11:03:30,13
2014-02-01 11:01:07,30560,8077.0,0000-00-00 00:00:00,2014-02-01 11:01:33,13
2014-02-01 11:02:26,30560,8077.0,2014-02-01 11:02:27,2014-02-01 11:06:52,13
2014-02-01 11:02:42,30175,8866.0,2014-02-01 11:04:16,2014-02-01 11:05:35,13
2014-02-01 11:03:32,30175,9109.0,2014-02-01 11:04:36,2014-02-01 11:05:17,13
2014-02-01 11:06:59,30560,8866.0,2014-02-01 11:07:00,2014-02-01 11:09:44,13
2014-02-01 11:07:46,30175,9109.0,2014-02-01 11:07:47,2014-02-01 11:36:16,13
2014-02-01 11:09:51,30172,8588.0,2014-02-01 11:09:52,2014-02-01 11:13:26,13
2014-02-01 11:14:50,30175,8866.0,2014-02-01 11:14:51,2014-02-01 11:17:48,13
2014-02-01 11:16:00,30172,8588.0,2014-02-01 11:16:01,2014-02-01 11:16:45,13
2014-02-01 11:17:38,30172,8077.0,2014-02-01 11:17:39,2014-02-01 11:20:15,13
2014-02-01 11:17:43,30175,8588.0,2014-02-01 11:17:44,2014-02-01 11:19:33,13
2014-02-01 11:19:17,30172,8866.0,2014-02-01 11:19:18,2014-02-01 11:33:26,13
2014-02-01 11:20:56,30172,8077.0,2014-02-01 11:20:56,2014-02-01 11:25:15,13
2014-02-01 11:23:06,30172,8588.0,2014-02-01 11:23:07,2014-02-01 11:28:09,13
2014-02-01 11:23:25,30172,8077.0,2014-02-01 11:25:20,2014-02-01 11:28:04,13
2014-02-01 11:26:08,30172,8077.0,2014-02-01 11:28:10,2014-02-01 11:29:55,13
2014-02-01 11:26:26,30175,8588.0,2014-02-01 11:28:15,2014-02-01 11:31:25,13
2014-02-01 11:28:22,30175,8077.0,2014-02-01 11:29:55,2014-02-01 11:32:22,13
2014-02-01 11:30:13,30560,8588.0,2014-02-01 11:31:31,2014-02-01 11:31:50,13
2014-02-01 11:32:05,30175,8588.0,2014-02-01 11:32:06,2014-02-01 11:36:39,13
2014-02-01 11:32:56,30560,8077.0,2014-02-01 11:32:57,2014-02-01 11:36:14,13
2014-02-01 11:34:56,30560,8866.0,2014-02-01 11:34:57,2014-02-01 11:39:55,13
2014-02-01 11:36:36,30175,8077.0,2014-02-01 11:36:37,2014-02-01 11:40:33,13
2014-02-01 11:36:45,30175,9109.0,2014-02-01 11:36:46,2014-02-01 11:40:13,13
2014-02-01 11:37:15,30175,8588.0,2014-02-01 11:37:16,2014-02-01 11:38:49,13
2014-02-01 11:41:50,30560,9109.0,2014-02-01 11:41:51,2014-02-01 11:46:35,13
2014-02-01 11:42:41,30172,8588.0,2014-02-01 11:42:42,2014-02-01 11:44:40,13
2014-02-01 11:43:17,30175,8866.0,2014-02-01 11:43:18,2014-02-01 11:46:37,13
2014-02-01 11:44:55,30560,8077.0,2014-02-01 11:44:56,2014-02-01 11:48:40,13
2014-02-01 11:48:14,30175,8588.0,2014-02-01 11:48:15,2014-02-01 11:54:51,13
2014-02-01 11:49:18,30172,8866.0,2014-02-01 11:49:19,2014-02-01 11:54:03,13
2014-02-01 11:50:29,30175,8077.0,2014-02-01 11:50:30,2014-02-01 11:51:49,13
2014-02-01 11:51:51,30179,9109.0,2014-02-01 11:51:52,2014-02-01 11:58:11,9
2014-02-01 11:54:46,30560,8077.0,2014-02-01 11:54:47,2014-02-01 11:58:13,13
2014-02-01 11:55:57,30175,8866.0,2014-02-01 11:55:58,2014-02-01 11:58:32,13
2014-02-01 11:57:21,30560,8588.0,2014-02-01 11:57:22,2014-02-01 12:02:24,13
2014-02-01 11:57:45,30172,9109.0,2014-02-01 11:58:25,2014-02-01 12:01:47,13
2014-02-01 12:00:20,30175,8866.0,2014-02-01 12:00:21,2014-02-01 12:00:23,13
2014-02-01 12:01:14,30172,9113.0,2014-02-01 12:01:15,2014-02-01 12:03:31,13
2014-02-01 12:01:42,30172,8588.0,2014-02-01 12:02:29,2014-02-01 12:04:23,13
2014-02-01 12:02:46,30172,8077.0,2014-02-01 12:02:57,2014-02-01 12:05:11,13
2014-02-01 12:03:52,30560,9113.0,2014-02-01 12:03:53,2014-02-01 12:07:24,13
2014-02-01 12:04:01,30560,8077.0,2014-02-01 12:05:16,2014-02-01 12:09:57,13
2014-02-01 12:04:03,30560,8588.0,2014-02-01 12:05:42,2014-02-01 12:10:08,13
2014-02-01 12:05:29,30172,8866.0,2014-02-01 12:06:32,2014-02-01 12:11:13,13
2014-02-01 12:07:04,30179,9113.0,2014-02-01 12:07:25,2014-02-01 12:13:45,9
2014-02-01 12:08:27,30175,8077.0,2014-02-01 12:10:03,2014-02-01 12:10:43,13
2014-02-01 12:08:37,30179,8588.0,2014-02-01 12:10:14,2014-02-01 12:13:55,9
2014-02-01 12:09:10,30172,8077.0,2014-02-01 12:10:49,2014-02-01 12:12:21,13
2014-02-01 12:09:12,30175,0.0,0000-00-00 00:00:00,2014-02-01 12:09:42,13
2014-02-01 12:12:35,30066,8077.0,2014-02-01 12:12:36,2014-02-01 12:13:10,4
2014-02-01 12:12:41,30175,8866.0,2014-02-01 12:13:00,2014-02-01 12:14:43,13
2014-02-01 12:13:15,30179,8077.0,2014-02-01 12:13:16,2014-02-01 12:15:48,9
2014-02-01 12:13:36,30560,9113.0,2014-02-01 12:13:47,2014-02-01 12:16:55,13
2014-02-01 12:15:32,30560,8588.0,2014-02-01 12:15:33,2014-02-01 12:19:11,13
2014-02-01 12:16:33,30172,8866.0,2014-02-01 12:16:34,2014-02-01 12:19:53,13
2014-02-01 12:16:48,30175,8077.0,2014-02-01 12:16:49,2014-02-01 12:20:47,13
2014-02-01 12:17:23,30172,9113.0,2014-02-01 12:17:24,2014-02-01 12:20:38,13
2014-02-01 12:18:54,30560,8588.0,2014-02-01 12:19:17,2014-02-01 12:28:44,13
2014-02-01 12:20:00,30175,8866.0,2014-02-01 12:20:01,2014-02-01 12:22:56,13
2014-02-01 12:21:16,30560,9113.0,2014-02-01 12:21:17,2014-02-01 12:27:03,13
2014-02-01 12:23:03,30560,8077.0,2014-02-01 12:23:04,2014-02-01 12:27:19,13
2014-02-01 12:23:42,30172,8866.0,2014-02-01 12:23:43,2014-02-01 12:25:55,13
2014-02-01 12:24:18,30175,8866.0,2014-02-01 12:25:57,2014-02-01 12:30:53,13
2014-02-01 12:26:36,30172,9113.0,2014-02-01 12:27:05,2014-02-01 12:31:28,13
2014-02-01 12:27:39,30560,8077.0,2014-02-01 12:27:40,2014-02-01 12:33:23,13
2014-02-01 12:28:00,30066,8588.0,2014-02-01 12:28:49,2014-02-01 12:30:01,4
2014-02-01 12:32:29,30175,8588.0,2014-02-01 12:32:30,2014-02-01 12:36:10,13
2014-02-01 12:34:01,30066,8866.0,2014-02-01 12:34:01,2014-02-01 12:36:01,4
2014-02-01 12:35:11,30175,9113.0,2014-02-01 12:35:12,2014-02-01 12:35:56,13
2014-02-01 12:36:15,30560,8077.0,2014-02-01 12:36:16,2014-02-01 12:49:43,13
2014-02-01 12:38:35,30560,9113.0,2014-02-01 12:38:36,2014-02-01 12:43:18,13
2014-02-01 12:41:32,30172,8866.0,2014-02-01 12:41:33,2014-02-01 12:46:20,13
2014-02-01 12:44:28,30175,8588.0,2014-02-01 12:44:29,2014-02-01 12:45:46,13
2014-02-01 12:49:43,30172,9113.0,2014-02-01 12:49:44,2014-02-01 12:51:08,13
2014-02-01 12:53:20,30172,8866.0,2014-02-01 12:53:21,2014-02-01 12:55:56,13
2014-02-01 12:53:33,30175,8077.0,2014-02-01 12:53:34,2014-02-01 12:54:58,13
2014-02-01 12:57:20,30172,9113.0,2014-02-01 12:57:21,2014-02-01 12:59:05,13
2014-02-01 12:57:26,30560,8588.0,2014-02-01 12:57:27,2014-02-01 13:00:37,13
2014-02-01 12:58:17,30560,8077.0,2014-02-01 12:58:18,2014-02-01 12:59:19,13
2014-02-01 13:00:07,30560,9117.0,2014-02-01 13:00:08,2014-02-01 13:05:51,13
2014-02-01 13:01:33,30175,8382.0,2014-02-01 13:01:34,2014-02-01 13:03:58,13
2014-02-01 13:02:54,30560,9118.0,2014-02-01 13:02:55,2014-02-01 13:06:40,13
2014-02-01 13:03:06,30172,8191.0,2014-02-01 13:03:07,2014-02-01 13:07:12,13
2014-02-01 13:03:20,30175,0.0,0000-00-00 00:00:00,2014-02-01 13:03:24,13
2014-02-01 13:03:33,30172,8382.0,2014-02-01 13:04:04,2014-02-01 13:09:47,13
2014-02-01 13:04:16,30172,9117.0,2014-02-01 13:05:57,2014-02-01 13:08:23,13
2014-02-01 13:04:19,30172,9118.0,2014-02-01 13:06:52,2014-02-01 13:07:28,13
2014-02-01 13:05:31,30172,8191.0,2014-02-01 13:07:17,2014-02-01 13:15:00,13
2014-02-01 13:05:38,30175,9117.0,2014-02-01 13:07:28,2014-02-01 13:13:17,13
2014-02-01 13:05:56,30172,0.0,0000-00-00 00:00:00,2014-02-01 13:07:09,13
2014-02-01 13:08:16,30179,9118.0,2014-02-01 13:08:17,2014-02-01 13:18:24,9
2014-02-01 13:08:45,30172,9113.0,2014-02-01 13:09:24,2014-02-01 13:10:45,13
2014-02-01 13:10:15,30172,8382.0,2014-02-01 13:10:16,2014-02-01 13:11:58,13
2014-02-01 13:11:16,30175,9113.0,2014-02-01 13:11:17,2014-02-01 13:12:06,13
2014-02-01 13:13:39,30172,9118.0,2014-02-01 13:13:40,2014-02-01 13:19:11,13
2014-02-01 13:14:00,30172,8382.0,2014-02-01 13:14:01,2014-02-01 13:17:55,13
2014-02-01 13:16:20,30175,9113.0,2014-02-01 13:16:21,2014-02-01 13:23:53,13
2014-02-01 13:17:03,30560,9117.0,2014-02-01 13:17:04,2014-02-01 13:29:53,13
2014-02-01 13:17:48,30560,8191.0,2014-02-01 13:17:49,2014-02-01 13:23:34,13
2014-02-01 13:19:40,30560,8382.0,2014-02-01 13:19:41,2014-02-01 13:23:05,13
2014-02-01 13:20:45,30172,9118.0,2014-02-01 13:20:46,2014-02-01 13:30:20,13
2014-02-01 13:26:03,30172,8382.0,2014-02-01 13:26:04,2014-02-01 13:32:06,13
2014-02-01 13:26:54,30175,8191.0,2014-02-01 13:26:55,2014-02-01 13:27:00,13
2014-02-01 13:27:04,30175,9113.0,2014-02-01 13:27:05,2014-02-01 13:28:45,13
2014-02-01 13:27:51,30172,8191.0,2014-02-01 13:27:52,2014-02-01 13:33:08,13
2014-02-01 13:28:16,30172,9113.0,2014-02-01 13:28:46,2014-02-01 13:30:11,13
2014-02-01 13:29:03,30172,8382.0,2014-02-01 13:29:36,2014-02-01 13:38:08,13
2014-02-01 13:30:21,30179,9117.0,2014-02-01 13:30:22,2014-02-01 13:35:06,9
2014-02-01 13:30:43,30172,9113.0,2014-02-01 13:30:43,2014-02-01 13:34:47,13
2014-02-01 13:32:39,30172,9118.0,2014-02-01 13:32:40,2014-02-01 13:36:58,13
2014-02-01 13:33:54,30175,8382.0,2014-02-01 13:33:55,2014-02-01 13:36:27,13
2014-02-01 13:33:58,30560,8191.0,2014-02-01 13:33:59,2014-02-01 13:34:43,13
2014-02-01 13:35:43,30172,9113.0,2014-02-01 13:35:44,2014-02-01 13:37:20,13
2014-02-01 13:37:25,30172,8191.0,2014-02-01 13:37:26,2014-02-01 13:44:53,13
2014-02-01 13:38:04,30175,8382.0,2014-02-01 13:38:05,2014-02-01 13:41:13,13
2014-02-01 13:39:23,30175,9118.0,2014-02-01 13:39:24,2014-02-01 13:40:47,13
2014-02-01 13:39:33,30172,9113.0,2014-02-01 13:39:34,2014-02-01 13:41:45,13
2014-02-01 13:42:09,30560,9117.0,2014-02-01 13:42:10,2014-02-01 13:45:19,13
2014-02-01 13:42:16,30560,9113.0,2014-02-01 13:42:17,2014-02-01 13:43:26,13
2014-02-01 13:44:02,30172,9118.0,2014-02-01 13:44:03,2014-02-01 13:48:04,13
2014-02-01 13:45:27,30172,8382.0,2014-02-01 13:45:28,2014-02-01 13:48:04,13
2014-02-01 13:46:20,30172,9113.0,2014-02-01 13:46:21,2014-02-01 13:49:48,13
2014-02-01 13:50:16,30175,8191.0,2014-02-01 13:50:18,2014-02-01 13:57:22,13
2014-02-01 13:50:17,30175,9118.0,2014-02-01 13:50:18,2014-02-01 13:51:30,13
2014-02-01 13:51:36,30175,9117.0,2014-02-01 13:51:37,2014-02-01 13:55:13,13
2014-02-01 13:53:53,30560,8382.0,2014-02-01 13:53:54,2014-02-01 13:56:17,13
2014-02-01 13:54:10,30172,9113.0,2014-02-01 13:54:11,2014-02-01 13:58:14,13
2014-02-01 13:54:19,30175,9118.0,2014-02-01 13:54:20,2014-02-01 14:00:03,13
2014-02-01 13:54:28,30172,9117.0,2014-02-01 13:55:19,2014-02-01 13:59:29,13
2014-02-01 13:54:41,30560,8382.0,2014-02-01 13:56:20,2014-02-01 13:59:27,13
2014-02-01 13:55:53,30560,8191.0,2014-02-01 13:57:28,2014-02-01 14:01:40,13
2014-02-01 13:56:05,30175,9113.0,2014-02-01 13:58:16,2014-02-01 13:59:45,13
2014-02-01 13:56:40,30172,9117.0,2014-02-01 13:59:34,2014-02-01 14:08:50,13
2014-02-01 13:58:11,30175,9113.0,2014-02-01 13:59:47,2014-02-01 14:01:03,13
2014-02-01 13:58:43,30172,9118.0,2014-02-01 14:00:05,2014-02-01 14:03:07,13
2014-02-01 14:00:48,30172,8077.0,2014-02-01 14:00:49,2014-02-01 14:12:50,13
2014-02-01 14:02:57,30172,8866.0,2014-02-01 14:02:58,2014-02-01 14:08:48,13
2014-02-01 14:03:52,30175,9113.0,2014-02-01 14:03:53,2014-02-01 14:06:49,13
2014-02-01 14:05:12,30175,9113.0,2014-02-01 14:06:50,2014-02-01 14:07:54,13
2014-02-01 14:08:26,30066,8866.0,2014-02-01 14:08:53,2014-02-01 14:24:50,4
2014-02-01 14:10:35,30175,9113.0,2014-02-01 14:10:36,2014-02-01 14:14:17,13
2014-02-01 14:10:40,30560,8077.0,2014-02-01 14:12:56,2014-02-01 14:21:39,13
2014-02-01 14:10:45,30175,9113.0,2014-02-01 14:14:19,2014-02-01 14:16:53,13
2014-02-01 14:11:57,30175,0.0,0000-00-00 00:00:00,2014-02-01 14:16:29,13
2014-02-01 14:12:23,30172,9113.0,2014-02-01 14:16:54,2014-02-01 14:18:43,13
2014-02-01 14:13:26,30172,9113.0,2014-02-01 14:18:46,2014-02-01 14:26:08,13
2014-02-01 14:14:11,30175,8077.0,2014-02-01 14:21:45,2014-02-01 14:23:15,13
2014-02-01 14:15:55,30172,8077.0,2014-02-01 14:23:21,2014-02-01 14:27:12,13
2014-02-01 14:17:11,30175,0.0,0000-00-00 00:00:00,2014-02-01 14:18:17,13
2014-02-01 14:21:05,30172,8866.0,2014-02-01 14:24:53,2014-02-01 14:27:13,13
2014-02-01 14:21:52,30179,0.0,0000-00-00 00:00:00,2014-02-01 14:23:20,9
2014-02-01 14:24:10,30175,9113.0,2014-02-01 14:26:09,2014-02-01 14:27:57,13
2014-02-01 14:24:56,30175,8077.0,2014-02-01 14:27:18,2014-02-01 14:33:50,13
2014-02-01 14:25:33,30175,8866.0,2014-02-01 14:27:16,2014-02-01 14:28:27,13
2014-02-01 14:26:06,30066,0.0,0000-00-00 00:00:00,2014-02-01 14:26:44,4
2014-02-01 14:26:18,30560,9113.0,2014-02-01 14:27:59,2014-02-01 14:31:18,13
2014-02-01 14:29:49,30175,8866.0,2014-02-01 14:29:50,2014-02-01 14:30:49,13
2014-02-01 14:30:22,30179,8866.0,2014-02-01 14:30:52,2014-02-01 14:32:36,9
2014-02-01 14:32:31,30560,9113.0,2014-02-01 14:32:32,2014-02-01 14:36:51,13
2014-02-01 14:34:03,30560,8866.0,2014-02-01 14:34:04,2014-02-01 14:36:22,13
2014-02-01 14:34:53,30175,8077.0,2014-02-01 14:34:54,2014-02-01 14:39:31,13
2014-02-01 14:34:56,30560,8866.0,2014-02-01 14:36:24,2014-02-01 14:41:06,13
2014-02-01 14:35:04,30560,8077.0,2014-02-01 14:39:36,2014-02-01 14:44:09,13
2014-02-01 14:36:20,30175,0.0,0000-00-00 00:00:00,2014-02-01 14:37:52,13
2014-02-01 14:37:20,30560,9113.0,2014-02-01 14:39:48,2014-02-01 14:44:47,13
2014-02-01 14:39:04,30560,8866.0,2014-02-01 14:41:39,2014-02-01 14:45:16,13
2014-02-01 14:41:00,30172,8077.0,2014-02-01 14:44:14,2014-02-01 14:51:03,13
2014-02-01 14:41:20,30175,0.0,0000-00-00 00:00:00,2014-02-01 14:44:31,13
2014-02-01 14:42:47,30172,9113.0,2014-02-01 14:44:48,2014-02-01 14:47:04,13
2014-02-01 14:44:39,30175,8866.0,2014-02-01 14:45:18,2014-02-01 14:49:18,13
2014-02-01 14:44:42,30172,9113.0,2014-02-01 14:47:06,2014-02-01 14:49:03,13
2014-02-01 14:45:42,30175,9113.0,2014-02-01 14:49:05,2014-02-01 14:54:37,13
2014-02-01 14:47:17,30172,8866.0,2014-02-01 14:49:21,2014-02-01 14:52:11,13
2014-02-01 14:48:07,30560,8077.0,2014-02-01 14:51:09,2014-02-01 14:55:14,13
2014-02-01 14:50:06,30175,8866.0,2014-02-01 14:52:15,2014-02-01 14:54:39,13
2014-02-01 14:51:44,30560,9113.0,2014-02-01 14:54:38,2014-02-01 14:58:04,13
2014-02-01 14:54:46,30172,8866.0,2014-02-01 14:54:47,2014-02-01 14:55:46,13
2014-02-01 14:55:52,30560,8077.0,2014-02-01 14:55:53,2014-02-01 14:58:13,13
2014-02-01 14:56:24,30560,8866.0,2014-02-01 14:56:25,2014-02-01 15:00:23,13
2014-02-01 14:59:08,30560,8077.0,2014-02-01 14:59:09,2014-02-01 15:02:28,13
2014-02-01 14:59:26,30560,8866.0,2014-02-01 15:00:41,2014-02-01 15:05:44,13
2014-02-01 15:02:25,30172,8077.0,2014-02-01 15:02:34,2014-02-01 15:03:02,13
2014-02-01 15:03:46,30172,8866.0,2014-02-01 15:05:53,2014-02-01 15:08:34,13
2014-02-01 15:06:07,30172,8077.0,2014-02-01 15:08:07,2014-02-01 15:12:27,13
2014-02-01 15:09:05,30172,8866.0,2014-02-01 15:09:06,2014-02-01 15:12:01,13
2014-02-01 15:09:25,30560,8866.0,2014-02-01 15:12:06,2014-02-01 15:13:57,13
2014-02-01 15:10:34,30175,8077.0,2014-02-01 15:12:32,2014-02-01 15:21:34,13
2014-02-01 15:11:01,30175,8866.0,2014-02-01 15:14:01,2014-02-01 15:21:34,13
2014-02-01 15:13:16,30172,8588.0,2014-02-01 15:16:03,2014-02-01 15:19:09,13
2014-02-01 15:14:05,30172,8588.0,2014-02-01 15:19:14,2014-02-01 15:24:15,13
2014-02-01 15:14:52,30175,8077.0,2014-02-01 15:21:34,2014-02-01 15:31:11,13
2014-02-01 15:18:40,30175,8866.0,2014-02-01 15:21:37,2014-02-01 15:27:52,13
2014-02-01 15:19:11,30172,8588.0,2014-02-01 15:24:24,2014-02-01 15:28:56,13
2014-02-01 15:19:53,30175,0.0,0000-00-00 00:00:00,2014-02-01 15:20:04,13
2014-02-01 15:21:10,30172,8588.0,2014-02-01 15:26:25,2014-02-01 15:32:15,13
2014-02-01 15:21:26,30560,8866.0,2014-02-01 15:27:55,2014-02-01 15:30:13,13
2014-02-01 15:21:58,30066,0.0,0000-00-00 00:00:00,2014-02-01 15:25:11,4
2014-02-01 15:31:10,30179,8866.0,2014-02-01 15:31:11,2014-02-01 15:35:45,9
2014-02-01 15:32:10,30172,8588.0,2014-02-01 15:32:19,2014-02-01 15:43:19,13
2014-02-01 15:32:32,30172,0.0,0000-00-00 00:00:00,2014-02-01 15:33:35,13
2014-02-01 15:34:27,30172,8077.0,2014-02-01 15:34:28,2014-02-01 15:40:24,13
2014-02-01 15:35:01,30175,8866.0,2014-02-01 15:35:47,2014-02-01 15:44:40,13
2014-02-01 15:35:26,30175,0.0,0000-00-00 00:00:00,2014-02-01 15:37:07,13
2014-02-01 15:35:41,30172,8077.0,2014-02-01 15:40:30,2014-02-01 15:48:27,13
2014-02-01 15:37:29,30175,0.0,0000-00-00 00:00:00,2014-02-01 15:40:15,13
2014-02-01 15:42:13,30175,8588.0,2014-02-01 15:42:14,2014-02-01 15:45:12,13
2014-02-01 15:42:31,30560,8866.0,2014-02-01 15:44:43,2014-02-01 15:56:26,13
2014-02-01 15:46:10,30175,8588.0,2014-02-01 15:46:11,2014-02-01 15:46:22,13
2014-02-01 15:47:03,30172,8588.0,2014-02-01 15:47:07,2014-02-01 15:48:14,13
2014-02-01 15:47:23,30175,8588.0,2014-02-01 15:48:17,2014-02-01 15:53:03,13
2014-02-01 15:54:58,30172,8077.0,2014-02-01 15:54:59,2014-02-01 16:03:32,13
2014-02-01 15:57:18,30175,8588.0,2014-02-01 15:57:19,2014-02-01 15:59:25,13
2014-02-01 16:00:31,30172,8866.0,2014-02-01 16:03:24,2014-02-01 16:07:02,13
2014-02-01 16:01:30,30560,8077.0,2014-02-01 16:03:38,2014-02-01 16:05:18,13
2014-02-01 16:02:19,30172,0.0,0000-00-00 00:00:00,2014-02-01 16:03:40,13
2014-02-01 16:06:43,30175,8077.0,2014-02-01 16:06:44,2014-02-01 16:08:26,13
2014-02-01 16:07:28,30175,8866.0,2014-02-01 16:07:29,2014-02-01 16:12:11,13
2014-02-01 16:13:05,30175,8077.0,2014-02-01 16:13:06,2014-02-01 16:13:50,13
2014-02-01 16:19:41,30172,8866.0,2014-02-01 16:19:42,2014-02-01 16:29:36,13
2014-02-01 16:23:44,30172,8077.0,2014-02-01 16:23:45,2014-02-01 16:25:34,13
2014-02-01 16:24:22,30175,8077.0,2014-02-01 16:25:40,2014-02-01 16:33:01,13
2014-02-01 16:25:10,30175,0.0,0000-00-00 00:00:00,2014-02-01 16:29:35,13
2014-02-01 16:29:53,30175,8866.0,2014-02-01 16:29:54,2014-02-01 16:33:10,13
2014-02-01 16:33:58,30560,8077.0,2014-02-01 16:33:59,2014-02-01 16:37:57,13
2014-02-01 16:38:06,30175,8866.0,2014-02-01 16:38:07,2014-02-01 16:39:44,13
2014-02-01 16:38:57,30175,8077.0,2014-02-01 16:38:58,2014-02-01 16:43:33,13
2014-02-01 16:40:40,30175,8866.0,2014-02-01 16:40:41,2014-02-01 16:43:48,13
2014-02-01 16:41:18,30172,8077.0,2014-02-01 16:43:39,2014-02-01 16:46:05,13
2014-02-01 16:44:14,30172,8866.0,2014-02-01 16:44:15,2014-02-01 16:47:03,13
2014-02-01 16:46:51,30179,8866.0,2014-02-01 16:46:52,2014-02-01 16:46:57,9
2014-02-01 16:49:58,30066,8077.0,2014-02-01 16:49:59,2014-02-01 16:52:46,4
2014-02-01 16:49:59,30175,8866.0,2014-02-01 16:50:00,2014-02-01 16:52:57,13
2014-02-01 16:52:24,30560,8077.0,2014-02-01 16:52:52,2014-02-01 16:59:39,13
2014-02-01 16:52:35,30172,8866.0,2014-02-01 16:53:00,2014-02-01 16:56:37,13
2014-02-01 16:53:34,30560,8866.0,2014-02-01 16:56:40,2014-02-01 16:58:01,13
2014-02-01 17:00:06,30560,0.0,0000-00-00 00:00:00,2014-02-01 17:08:52,13
